{
  "prepare_queue": {
    "installed": [],
    "uninstalled": []
  },
  "config_munge": {
    "files": {
      "config.xml": {
        "parents": {
          "/*": [
            {
              "xml": "<feature name=\"Device\"><param name=\"browser-package\" value=\"Device\" /></feature>",
              "count": 1
            },
            {
              "xml": "<feature name=\"BackgroundMode\"><param name=\"browser-package\" value=\"BackgroundMode\" /></feature>",
              "count": 1
            }
          ]
        }
      }
    }
  },
  "installed_plugins": {
    "cordova-plugin-geolocation": {
      "PACKAGE_NAME": "fleet.readyfleetservice.com"
    },
    "cordova-plugin-whitelist": {
      "PACKAGE_NAME": "fleet.readyfleetservice.com"
    },
    "cordova-plugin-device": {
      "PACKAGE_NAME": "fleet.readyfleetservice.com"
    },
    "cordova-plugin-background-mode": {
      "PACKAGE_NAME": "fleet.readyfleetservice.com"
    },
    "cordova-plugin-dialogs": {
      "PACKAGE_NAME": "fleet.readyfleetservice.com"
    },
    "cordova-plugin-statusbar": {
      "PACKAGE_NAME": "fleet.readyfleetservice.com"
    },
    "cordova-android-support-gradle-release": {
      "PACKAGE_NAME": "fleet.readyfleetservice.com"
    }
  },
  "dependent_plugins": {},
  "modules": [
    {
      "file": "plugins/cordova-plugin-device/www/device.js",
      "id": "cordova-plugin-device.device",
      "pluginId": "cordova-plugin-device",
      "clobbers": [
        "device"
      ]
    },
    {
      "file": "plugins/cordova-plugin-device/src/browser/DeviceProxy.js",
      "id": "cordova-plugin-device.DeviceProxy",
      "pluginId": "cordova-plugin-device",
      "runs": true
    },
    {
      "file": "plugins/cordova-plugin-background-mode/www/background-mode.js",
      "id": "cordova-plugin-background-mode.BackgroundMode",
      "pluginId": "cordova-plugin-background-mode",
      "clobbers": [
        "cordova.plugins.backgroundMode",
        "plugin.backgroundMode"
      ]
    },
    {
      "file": "plugins/cordova-plugin-background-mode/src/browser/BackgroundModeProxy.js",
      "id": "cordova-plugin-background-mode.BackgroundMode.Proxy",
      "pluginId": "cordova-plugin-background-mode",
      "runs": true
    },
    {
      "file": "plugins/cordova-plugin-dialogs/www/notification.js",
      "id": "cordova-plugin-dialogs.notification",
      "pluginId": "cordova-plugin-dialogs",
      "merges": [
        "navigator.notification"
      ]
    },
    {
      "file": "plugins/cordova-plugin-dialogs/www/browser/notification.js",
      "id": "cordova-plugin-dialogs.notification_browser",
      "pluginId": "cordova-plugin-dialogs",
      "merges": [
        "navigator.notification"
      ]
    },
    {
      "file": "plugins/cordova-plugin-statusbar/www/statusbar.js",
      "id": "cordova-plugin-statusbar.statusbar",
      "pluginId": "cordova-plugin-statusbar",
      "clobbers": [
        "window.StatusBar"
      ]
    },
    {
      "file": "plugins/cordova-plugin-statusbar/src/browser/StatusBarProxy.js",
      "id": "cordova-plugin-statusbar.StatusBarProxy",
      "pluginId": "cordova-plugin-statusbar",
      "runs": true
    }
  ],
  "plugin_metadata": {
    "cordova-plugin-geolocation": "4.0.2",
    "cordova-plugin-whitelist": "1.3.4",
    "cordova-plugin-device": "2.0.3",
    "cordova-plugin-background-mode": "0.7.3",
    "cordova-plugin-dialogs": "2.0.2",
    "cordova-plugin-statusbar": "2.4.3",
    "cordova-android-support-gradle-release": "3.0.1"
  }
}
