{
  "prepare_queue": {
    "installed": [],
    "uninstalled": []
  },
  "config_munge": {
    "files": {
      "res/xml/config.xml": {
        "parents": {
          "/*": [
            {
              "xml": "<feature name=\"Whitelist\"><param name=\"android-package\" value=\"org.apache.cordova.whitelist.WhitelistPlugin\" /><param name=\"onload\" value=\"true\" /></feature>",
              "count": 1
            },
            {
              "xml": "<feature name=\"Geolocation\"><param name=\"android-package\" value=\"org.apache.cordova.geolocation.Geolocation\" /></feature>",
              "count": 1
            },
            {
              "xml": "<feature name=\"Device\"><param name=\"android-package\" value=\"org.apache.cordova.device.Device\" /></feature>",
              "count": 1
            },
            {
              "xml": "<feature name=\"BackgroundMode\"><param name=\"android-package\" value=\"de.appplant.cordova.plugin.background.BackgroundMode\" /></feature>",
              "count": 1
            },
            {
              "xml": "<feature name=\"BackgroundModeExt\"><param name=\"android-package\" value=\"de.appplant.cordova.plugin.background.BackgroundModeExt\" /></feature>",
              "count": 1
            },
            {
              "xml": "<preference name=\"KeepRunning\" value=\"true\" />",
              "count": 1
            },
            {
              "xml": "<feature name=\"Notification\"><param name=\"android-package\" value=\"org.apache.cordova.dialogs.Notification\" /></feature>",
              "count": 1
            },
            {
              "xml": "<feature name=\"StatusBar\"><param name=\"android-package\" value=\"org.apache.cordova.statusbar.StatusBar\" /><param name=\"onload\" value=\"true\" /></feature>",
              "count": 1
            }
          ]
        }
      },
      "AndroidManifest.xml": {
        "parents": {
          "/*": [
            {
              "xml": "<uses-permission android:name=\"android.permission.ACCESS_COARSE_LOCATION\" />",
              "count": 1
            },
            {
              "xml": "<uses-permission android:name=\"android.permission.ACCESS_FINE_LOCATION\" />",
              "count": 1
            },
            {
              "xml": "<uses-feature android:name=\"android.hardware.location.gps\" />",
              "count": 1
            }
          ],
          "/manifest/application": [
            {
              "xml": "<service android:name=\"de.appplant.cordova.plugin.background.ForegroundService\" />",
              "count": 1
            }
          ],
          "/manifest": [
            {
              "xml": "<uses-permission android:name=\"android.permission.WAKE_LOCK\" />",
              "count": 1
            }
          ]
        }
      }
    }
  },
  "installed_plugins": {
    "cordova-plugin-whitelist": {
      "PACKAGE_NAME": "fleet.readyfleetservice.com"
    },
    "cordova-plugin-geolocation": {
      "PACKAGE_NAME": "fleet.readyfleetservice.com"
    },
    "cordova-plugin-device": {
      "PACKAGE_NAME": "fleet.readyfleetservice.com"
    },
    "cordova-plugin-background-mode": {
      "PACKAGE_NAME": "fleet.readyfleetservice.com"
    },
    "cordova-plugin-dialogs": {
      "PACKAGE_NAME": "fleet.readyfleetservice.com"
    },
    "cordova-plugin-statusbar": {
      "PACKAGE_NAME": "fleet.readyfleetservice.com"
    },
    "cordova-android-support-gradle-release": {
      "ANDROID_SUPPORT_VERSION": "27.+",
      "PACKAGE_NAME": "fleet.readyfleetservice.com"
    }
  },
  "dependent_plugins": {},
  "modules": [
    {
      "id": "cordova-plugin-geolocation.geolocation",
      "file": "plugins/cordova-plugin-geolocation/www/android/geolocation.js",
      "pluginId": "cordova-plugin-geolocation",
      "clobbers": [
        "navigator.geolocation"
      ]
    },
    {
      "id": "cordova-plugin-geolocation.PositionError",
      "file": "plugins/cordova-plugin-geolocation/www/PositionError.js",
      "pluginId": "cordova-plugin-geolocation",
      "runs": true
    },
    {
      "id": "cordova-plugin-device.device",
      "file": "plugins/cordova-plugin-device/www/device.js",
      "pluginId": "cordova-plugin-device",
      "clobbers": [
        "device"
      ]
    },
    {
      "id": "cordova-plugin-background-mode.BackgroundMode",
      "file": "plugins/cordova-plugin-background-mode/www/background-mode.js",
      "pluginId": "cordova-plugin-background-mode",
      "clobbers": [
        "cordova.plugins.backgroundMode",
        "plugin.backgroundMode"
      ]
    },
    {
      "id": "cordova-plugin-dialogs.notification",
      "file": "plugins/cordova-plugin-dialogs/www/notification.js",
      "pluginId": "cordova-plugin-dialogs",
      "merges": [
        "navigator.notification"
      ]
    },
    {
      "id": "cordova-plugin-dialogs.notification_android",
      "file": "plugins/cordova-plugin-dialogs/www/android/notification.js",
      "pluginId": "cordova-plugin-dialogs",
      "merges": [
        "navigator.notification"
      ]
    },
    {
      "id": "cordova-plugin-statusbar.statusbar",
      "file": "plugins/cordova-plugin-statusbar/www/statusbar.js",
      "pluginId": "cordova-plugin-statusbar",
      "clobbers": [
        "window.StatusBar"
      ]
    }
  ],
  "plugin_metadata": {
    "cordova-plugin-whitelist": "1.3.4",
    "cordova-plugin-geolocation": "4.0.2",
    "cordova-plugin-device": "2.0.3",
    "cordova-plugin-background-mode": "0.7.3",
    "cordova-plugin-dialogs": "2.0.2",
    "cordova-plugin-statusbar": "2.4.3",
    "cordova-android-support-gradle-release": "3.0.1"
  }
}
